{"train_loss": 0.0007467483927030116, "train_accuracy": 0.25, "current_lr": 0.0001, "age_label_0": 16, "age_label_1": 9, "age_label_2": 14, "_timestamp": 1703133635.4628024, "_runtime": 1382.1212995052338, "_step": 2179, "train_acc_mask_wear": 1.0, "train_acc_mask_incorrect": 1.0, "train_acc_mask_not_wear": 1.0, "train_acc_male": 1.0, "train_acc_female": 1.0, "train_acc_age_0_30": 1.0, "train_acc_age_30_60": 1.0, "train_acc_age_60": 1.0, "val_loss": 0.21890331308046976, "val_accuracy": 0.7211640211640211, "_wandb": {"runtime": 1379}}