{"train_loss": 0.01082630529999733, "train_accuracy": 0.2484375, "current_lr": 0.0001, "age_label_0": 16, "age_label_1": 9, "age_label_2": 14, "_timestamp": 1703138215.3670871, "_runtime": 1336.9468450546265, "_step": 2179, "train_acc_mask_wear": 1.0, "train_acc_mask_incorrect": 1.0, "train_acc_mask_not_wear": 1.0, "train_acc_male": 1.0, "train_acc_female": 1.0, "train_acc_age_0_30": 1.0, "train_acc_age_30_60": 1.0, "train_acc_age_60": 1.0, "val_loss": 0.4743404984474182, "val_accuracy": 0.7182539682539683, "_wandb": {"runtime": 1334}}